입문자추천 (110)|/guitar_main.php?category=026005173&sort=%60soldout%60+ASC%2C+price&page_num=60&view=1
일렉기타 패키지 (42)|/guitar_main.php?category=026005143&sort=%60soldout%60+ASC%2C+price&page_num=60&view=1
Beyond (168)|/guitar_main.php?category=026005130&sort=%60soldout%60+ASC%2C+price&page_num=60&view=1
Fender USA (218)|/guitar_main.php?category=026005001&sort=%60soldout%60+ASC%2C+price&page_num=60&view=1
Fender Japan (119)|/guitar_main.php?category=026005148&sort=%60soldout%60+ASC%2C+price&page_num=60&view=1
Fender Mexico (229)|/guitar_main.php?category=026005003&sort=%60soldout%60+ASC%2C+price&page_num=60&view=1
Gibson USA (104)|/guitar_main.php?category=026005008&sort=%60soldout%60+ASC%2C+price&page_num=60&view=1
Ibanez (349)|/guitar_main.php?category=026005027&sort=%60soldout%60+ASC%2C+price&page_num=60&view=1
Aria Pro II (20)|/guitar_main.php?category=026005174&sort=%60soldout%60+ASC%2C+price&page_num=60&view=1
Bacchus (81)|/guitar_main.php?category=026005074&sort=%60soldout%60+ASC%2C+price&page_num=60&view=1
Balaguer (11)|/guitar_main.php?category=026005179&sort=%60soldout%60+ASC%2C+price&page_num=60&view=1
Bentivoglio (15)|/guitar_main.php?category=026005170&sort=%60soldout%60+ASC%2C+price&page_num=60&view=1
Charvel (88)|/guitar_main.php?category=026005025&sort=%60soldout%60+ASC%2C+price&page_num=60&view=1
Corona (26)|/guitar_main.php?category=026005086&sort=%60soldout%60+ASC%2C+price&page_num=60&view=1
Cort (102)|/guitar_main.php?category=026005017&sort=%60soldout%60+ASC%2C+price&page_num=60&view=1
CRAFTER (20)|/guitar_main.php?category=026005176&sort=%60soldout%60+ASC%2C+price&page_num=60&view=1
C&M (3)|/guitar_main.php?category=026005138&sort=%60soldout%60+ASC%2C+price&page_num=60&view=1
D'Angelico (28)|/guitar_main.php?category=026005162&sort=%60soldout%60+ASC%2C+price&page_num=60&view=1
Dame (47)|/guitar_main.php?category=026005019&sort=%60soldout%60+ASC%2C+price&page_num=60&view=1
Dan Electro (44)|/guitar_main.php?category=026005046&sort=%60soldout%60+ASC%2C+price&page_num=60&view=1
Dexter (21)|/guitar_main.php?category=026005020&sort=%60soldout%60+ASC%2C+price&page_num=60&view=1
DONNER (2)|/guitar_main.php?category=026005181&sort=%60soldout%60+ASC%2C+price&page_num=60&view=1
Duesenberg (25)|/guitar_main.php?category=026005160&sort=%60soldout%60+ASC%2C+price&page_num=60&view=1
Edwards (22)|/guitar_main.php?category=026005064&sort=%60soldout%60+ASC%2C+price&page_num=60&view=1
Epiphone (298)|/guitar_main.php?category=026005009&sort=%60soldout%60+ASC%2C+price&page_num=60&view=1
Enya (2)|/guitar_main.php?category=026005177&sort=%60soldout%60+ASC%2C+price&page_num=60&view=1
ESP (22)|/guitar_main.php?category=026005012&sort=%60soldout%60+ASC%2C+price&page_num=60&view=1
EVH (22)|/guitar_main.php?category=026005118&sort=%60soldout%60+ASC%2C+price&page_num=60&view=1
Fenix(YoungChang) (4)|/guitar_main.php?category=026005167&sort=%60soldout%60+ASC%2C+price&page_num=60&view=1
Flamma (5)|/guitar_main.php?category=026005180&sort=%60soldout%60+ASC%2C+price&page_num=60&view=1
Fujigen (24)|/guitar_main.php?category=026005134&sort=%60soldout%60+ASC%2C+price&page_num=60&view=1
Godin (26)|/guitar_main.php?category=026005052&sort=%60soldout%60+ASC%2C+price&page_num=60&view=1
Gopher Wood (32)|/guitar_main.php?category=026005168&sort=%60soldout%60+ASC%2C+price&page_num=60&view=1
GrassRoots (52)|/guitar_main.php?category=026005142&sort=%60soldout%60+ASC%2C+price&page_num=60&view=1
Gretsch (193)|/guitar_main.php?category=026005123&sort=%60soldout%60+ASC%2C+price&page_num=60&view=1
GTRS (18)|/guitar_main.php?category=026005178&sort=%60soldout%60+ASC%2C+price&page_num=60&view=1
Guild (11)|/guitar_main.php?category=026005133&sort=%60soldout%60+ASC%2C+price&page_num=60&view=1
Hence (7)|/guitar_main.php?category=026005125&sort=%60soldout%60+ASC%2C+price&page_num=60&view=1
Heritage (10)|/guitar_main.php?category=026005107&sort=%60soldout%60+ASC%2C+price&page_num=60&view=1
Hex (56)|/guitar_main.php?category=026005166&sort=%60soldout%60+ASC%2C+price&page_num=60&view=1
Jackson (235)|/guitar_main.php?category=026005014&sort=%60soldout%60+ASC%2C+price&page_num=60&view=1
LTD (70)|/guitar_main.php?category=026005097&sort=%60soldout%60+ASC%2C+price&page_num=60&view=1
Mark James (22)|/guitar_main.php?category=026005165&sort=%60soldout%60+ASC%2C+price&page_num=60&view=1
Michael Kelly (9)|/guitar_main.php?category=026005163&sort=%60soldout%60+ASC%2C+price&page_num=60&view=1
Musicman (29)|/guitar_main.php?category=026005035&sort=%60soldout%60+ASC%2C+price&page_num=60&view=1
Nash Guitars (9)|/guitar_main.php?category=026005158&sort=%60soldout%60+ASC%2C+price&page_num=60&view=1
PRS (135)|/guitar_main.php?category=026005011&sort=%60soldout%60+ASC%2C+price&page_num=60&view=1
Reverend (23)|/guitar_main.php?category=026005175&sort=%60soldout%60+ASC%2C+price&page_num=60&view=1
Rickenbacker (5)|/guitar_main.php?category=026005066&sort=%60soldout%60+ASC%2C+price&page_num=60&view=1
Kramer (36)|/guitar_main.php?category=026005073&sort=%60soldout%60+ASC%2C+price&page_num=60&view=1
Sandberg (9)|/guitar_main.php?category=026005146&sort=%60soldout%60+ASC%2C+price&page_num=60&view=1
Samick (10)|/guitar_main.php?category=026005039&sort=%60soldout%60+ASC%2C+price&page_num=60&view=1
Schecter (189)|/guitar_main.php?category=026005049&sort=%60soldout%60+ASC%2C+price&page_num=60&view=1
Schecter Japan (3)|/guitar_main.php?category=026005151&sort=%60soldout%60+ASC%2C+price&page_num=60&view=1
Seek Music (5)|/guitar_main.php?category=026005164&sort=%60soldout%60+ASC%2C+price&page_num=60&view=1
Sean (34)|/guitar_main.php?category=026005161&sort=%60soldout%60+ASC%2C+price&page_num=60&view=1
SIRE (45)|/guitar_main.php?category=026005159&sort=%60soldout%60+ASC%2C+price&page_num=60&view=1
Skervesen (15)|/guitar_main.php?category=026005157&sort=%60soldout%60+ASC%2C+price&page_num=60&view=1
Spear (51)|/guitar_main.php?category=026005104&sort=%60soldout%60+ASC%2C+price&page_num=60&view=1
Squier (186)|/guitar_main.php?category=026005006&sort=%60soldout%60+ASC%2C+price&page_num=60&view=1
Strandberg (36)|/guitar_main.php?category=026005137&sort=%60soldout%60+ASC%2C+price&page_num=60&view=1
Steinberger (9)|/guitar_main.php?category=026005140&sort=%60soldout%60+ASC%2C+price&page_num=60&view=1
Sterling By Music Man (68)|/guitar_main.php?category=026005036&sort=%60soldout%60+ASC%2C+price&page_num=60&view=1
Swing (131)|/guitar_main.php?category=026005018&sort=%60soldout%60+ASC%2C+price&page_num=60&view=1
Twoman (26)|/guitar_main.php?category=026005131&sort=%60soldout%60+ASC%2C+price&page_num=60&view=1
Tokai (7)|/guitar_main.php?category=026005126&sort=%60soldout%60+ASC%2C+price&page_num=60&view=1
Volcan (1)|/guitar_main.php?category=026005101&sort=%60soldout%60+ASC%2C+price&page_num=60&view=1
Vox (17)|/guitar_main.php?category=026005026&sort=%60soldout%60+ASC%2C+price&page_num=60&view=1
Wylde Audio (2)|/guitar_main.php?category=026005144&sort=%60soldout%60+ASC%2C+price&page_num=60&view=1
Yamaha (38)|/guitar_main.php?category=026005037&sort=%60soldout%60+ASC%2C+price&page_num=60&view=1
